ReviewID,CustomerName,Product,ReviewText,Region,Date
1,Ronald Garrett,Router,Very disappointed with the quality.,Australia,2025-10-13
2,Christopher Wright,Laptop,"Average quality, could be better.",USA,2025-10-06
3,Aaron Elliott,Smartwatch,Battery life is poor and performance is laggy.,Australia,2025-09-16
4,Heather Jones,Monitor,"Terrible experience, would not recommend.",Canada,2025-08-15
5,William Patton,TV,Absolutely love this product! Highly recommend.,USA,2025-09-07
6,Victoria Green,Headphones,Works perfectly and meets all expectations.,UAE,2025-08-26
7,Kimberly Francis,Tablet,"It does what it says, no more no less.",Singapore,2025-10-31
8,Alicia Holland,Smartwatch,"Average quality, could be better.",France,2025-11-04
9,David Hogan,Speaker,Absolutely love this product! Highly recommend.,UK,2025-09-22
10,Jeremy Collins,Speaker,Absolutely love this product! Highly recommend.,France,2025-08-10
11,Christopher Campbell,Router,Battery life is poor and performance is laggy.,Germany,2025-09-03
12,Annette Alexander,Tablet,"Average quality, could be better.",Canada,2025-09-30
13,Jason Gallagher,Camera,"Completely useless, stopped working in a week.",Germany,2025-09-25
14,Elizabeth Fuentes,Tablet,Excellent quality and great customer service.,Singapore,2025-10-01
15,Sarah Kelley,Headphones,Absolutely love this product! Highly recommend.,Spain,2025-09-16
16,Kelly Kelly,Laptop,Very disappointed with the quality.,India,2025-11-02
17,Mike Hall,Laptop,Absolutely love this product! Highly recommend.,India,2025-10-02
18,Sophia Allen,Camera,"Completely useless, stopped working in a week.",Singapore,2025-08-31
19,Kimberly Martin PhD,Headphones,Superb build and easy to use.,Singapore,2025-09-04
20,David Campbell,Smartwatch,Superb build and easy to use.,UK,2025-09-02
21,Sabrina Kelly,Camera,Battery life is poor and performance is laggy.,Canada,2025-10-11
22,April Taylor,Speaker,"Completely useless, stopped working in a week.",UK,2025-09-07
23,Todd Weber,TV,Battery life is poor and performance is laggy.,India,2025-10-10
24,Thomas Mathis,Smartwatch,"Product is okay, nothing special.",Singapore,2025-11-02
25,Jane Walker,Smartphone,Very disappointed with the quality.,Germany,2025-10-05
26,John Lester,Smartphone,Excellent quality and great customer service.,Spain,2025-10-10
27,Jennifer Krause,TV,"Product is okay, nothing special.",Germany,2025-08-21
28,David Hall,Monitor,Very disappointed with the quality.,UK,2025-09-14
29,David Taylor,Laptop,Very disappointed with the quality.,India,2025-09-25
30,Amanda Li,Router,"Product is okay, nothing special.",Singapore,2025-08-22
31,David Moss,Router,Excellent quality and great customer service.,UK,2025-11-06
32,Lee Krause,Headphones,Superb build and easy to use.,Canada,2025-08-14
33,Nancy Flores,Tablet,Very disappointed with the quality.,France,2025-09-04
34,Scott Henderson,TV,Battery life is poor and performance is laggy.,Singapore,2025-08-19
35,Heather Richardson,Smartphone,"Terrible experience, would not recommend.",UAE,2025-10-03
36,Joshua Ellis,Speaker,"Neither bad nor great, just fine.",Spain,2025-10-11
37,Gene Snyder,Tablet,Superb build and easy to use.,Canada,2025-09-11
38,Fernando Torres,Headphones,Battery life is poor and performance is laggy.,Australia,2025-10-19
39,Laura Moore,Smartphone,Excellent quality and great customer service.,France,2025-09-16
40,Angela Wilkins,Router,Excellent quality and great customer service.,UAE,2025-09-26
41,Michael Whitehead,Router,"Product is okay, nothing special.",UK,2025-08-29
42,Mrs. Sarah Lane,Laptop,Absolutely love this product! Highly recommend.,India,2025-11-01
43,John Smith,Smartphone,"Neither bad nor great, just fine.",India,2025-09-24
44,Benjamin Weber,Camera,Battery life is poor and performance is laggy.,Germany,2025-08-29
45,Mr. Brian Martinez MD,Monitor,Superb build and easy to use.,USA,2025-08-27
46,Joshua Wilson,Tablet,Absolutely love this product! Highly recommend.,USA,2025-10-01
47,David Cruz,Monitor,"Neither bad nor great, just fine.",Germany,2025-09-21
48,William Perez,Tablet,Absolutely love this product! Highly recommend.,UK,2025-09-22
49,Alexander Keller,TV,Works perfectly and meets all expectations.,Spain,2025-11-02
50,Emily Jenkins,Speaker,"Neither bad nor great, just fine.",India,2025-09-28
51,Rachel Schmitt,Headphones,"Product is okay, nothing special.",USA,2025-10-02
52,Anita Sanchez,Smartwatch,"Product is okay, nothing special.",Australia,2025-10-04
53,Kristen Martin,Camera,"Product is okay, nothing special.",UAE,2025-10-16
54,Dr. Dennis Evans,Headphones,"It does what it says, no more no less.",Germany,2025-10-29
55,Jeffrey Rivera,Speaker,"Neither bad nor great, just fine.",Spain,2025-11-03
56,Michael Owens,Speaker,"Amazing experience, will buy again.",Australia,2025-09-05
57,Michael Hicks,Headphones,Excellent quality and great customer service.,Germany,2025-10-07
58,Sean Taylor,Headphones,"Product is okay, nothing special.",Spain,2025-08-17
59,Patrick Ibarra,Smartwatch,"Amazing experience, will buy again.",France,2025-09-25
60,Sherry Villarreal,Headphones,"Amazing experience, will buy again.",Canada,2025-09-24
61,Robin Jones,Router,"Neither bad nor great, just fine.",India,2025-08-16
62,Richard Lara,Smartphone,"Product is okay, nothing special.",Germany,2025-09-12
63,Ann Coleman,Laptop,Excellent quality and great customer service.,India,2025-10-29
64,William Campbell MD,Router,Superb build and easy to use.,UAE,2025-08-13
65,Mr. Todd Wiggins,TV,Not impressed but not disappointed either.,Spain,2025-10-07
66,Cassandra Ellis,Speaker,Works perfectly and meets all expectations.,UK,2025-08-09
67,Bernard Brown,Camera,Absolutely love this product! Highly recommend.,France,2025-11-02
68,Miguel Castillo,Smartphone,Customer support is unhelpful and rude.,UAE,2025-10-30
69,Ralph Moore,Headphones,Customer support is unhelpful and rude.,UAE,2025-08-11
70,Theresa Brooks,Smartwatch,"Neither bad nor great, just fine.",Canada,2025-08-20
71,Thomas Woods,Camera,"Neither bad nor great, just fine.",USA,2025-10-26
72,Jeffrey Bradley,Smartwatch,"Terrible experience, would not recommend.",UK,2025-10-05
73,Lindsey Wiley,Router,Excellent quality and great customer service.,India,2025-08-16
74,Ryan Shelton,Tablet,"Completely useless, stopped working in a week.",Australia,2025-08-17
75,Sarah Mitchell,Monitor,"Amazing experience, will buy again.",Germany,2025-08-25
76,Kevin Pearson,Smartwatch,Very disappointed with the quality.,UK,2025-09-18
77,Cynthia Robinson,Tablet,Superb build and easy to use.,UK,2025-09-07
78,Frank Miller,TV,Excellent quality and great customer service.,India,2025-10-05
79,Vanessa Shah,Camera,"Product is okay, nothing special.",France,2025-09-26
80,Daniel Stewart,TV,"Amazing experience, will buy again.",Spain,2025-08-15
81,Anthony Hall,Smartphone,Absolutely love this product! Highly recommend.,Australia,2025-09-05
82,Cheryl Tran,Laptop,"Average quality, could be better.",USA,2025-09-25
83,Frances Gray,Speaker,Works perfectly and meets all expectations.,UK,2025-09-13
84,Claire Keith MD,Monitor,Superb build and easy to use.,UAE,2025-10-08
85,Tiffany Silva,Headphones,Excellent quality and great customer service.,Singapore,2025-08-15
86,Felicia Padilla,Smartphone,Superb build and easy to use.,France,2025-09-29
87,Ashley Wheeler,Router,Works perfectly and meets all expectations.,Singapore,2025-10-05
88,Kevin Saunders,Tablet,Superb build and easy to use.,Singapore,2025-10-04
89,Larry Nixon,Headphones,Absolutely love this product! Highly recommend.,India,2025-08-31
90,Michael Bowen,Smartwatch,Works perfectly and meets all expectations.,USA,2025-08-16
91,Karen Stevens,Tablet,Excellent quality and great customer service.,UK,2025-09-04
92,Michelle Smith,Camera,Excellent quality and great customer service.,Canada,2025-09-27
93,Frank Dyer,Monitor,"Average quality, could be better.",France,2025-10-28
94,Jeffrey Wilson,Camera,Very disappointed with the quality.,France,2025-09-21
95,Katherine Nguyen,Smartwatch,"Neither bad nor great, just fine.",Spain,2025-09-25
96,Theresa Hahn,Laptop,Superb build and easy to use.,Spain,2025-09-18
97,Joel Hart,Smartphone,"Product is okay, nothing special.",Singapore,2025-09-01
98,Denise Richards,Smartphone,"Amazing experience, will buy again.",Germany,2025-09-05
99,Kimberly Richardson,Router,"Terrible experience, would not recommend.",UAE,2025-10-28
100,Steven Thornton,Tablet,"Completely useless, stopped working in a week.",Canada,2025-11-04
101,Mrs. Tina Hernandez MD,Monitor,Superb build and easy to use.,Australia,2025-08-19
102,Justin Castro,Speaker,"Terrible experience, would not recommend.",USA,2025-09-29
103,Richard Manning,Monitor,Works perfectly and meets all expectations.,Australia,2025-10-25
104,Rodney Powell,Smartphone,Absolutely love this product! Highly recommend.,UK,2025-10-01
105,Joy Lowery,TV,Excellent quality and great customer service.,Singapore,2025-08-26
106,Casey Franco,Monitor,"Amazing experience, will buy again.",India,2025-10-21
107,Gary Williams,Smartphone,Excellent quality and great customer service.,Australia,2025-08-27
108,Cindy Bell,Router,"Average quality, could be better.",Australia,2025-10-19
109,Cindy Smith,Laptop,Excellent quality and great customer service.,Canada,2025-08-25
110,Manuel Kerr,Smartwatch,"Amazing experience, will buy again.",Spain,2025-10-30
111,Pamela Lynn,Tablet,Superb build and easy to use.,Canada,2025-09-18
112,Mr. Glenn Jackson DVM,Router,Superb build and easy to use.,France,2025-08-14
113,Christian Fernandez,Headphones,"Neither bad nor great, just fine.",Canada,2025-10-29
114,Michael Gonzales,Speaker,"Amazing experience, will buy again.",India,2025-08-15
115,Mrs. Amanda Delacruz,Smartphone,"Neither bad nor great, just fine.",UAE,2025-08-14
116,James Gonzalez,Tablet,"Terrible experience, would not recommend.",UK,2025-09-14
117,Tammy Leonard,Laptop,Customer support is unhelpful and rude.,Singapore,2025-09-15
118,Brian Cook,Tablet,"It does what it says, no more no less.",France,2025-10-07
119,Allen Franco,Smartphone,Superb build and easy to use.,Singapore,2025-08-27
120,Catherine Lyons,Monitor,Excellent quality and great customer service.,Australia,2025-09-12
121,Michael Collins,Smartphone,Superb build and easy to use.,France,2025-09-26
122,Jennifer Cox,Smartphone,"Neither bad nor great, just fine.",Germany,2025-10-19
123,Travis Rogers,Camera,Works perfectly and meets all expectations.,India,2025-08-28
124,Stephanie Freeman,Speaker,"Average quality, could be better.",Australia,2025-09-07
125,Joseph Ross,Camera,"Average quality, could be better.",UAE,2025-10-10
126,Nicole Valdez,Monitor,"Product is okay, nothing special.",Canada,2025-08-18
127,Janice George,Speaker,Excellent quality and great customer service.,Australia,2025-10-07
128,Jeffrey Wolfe,Smartwatch,"Average quality, could be better.",USA,2025-08-23
129,Mrs. Victoria Edwards PhD,Headphones,"Neither bad nor great, just fine.",UK,2025-10-25
130,Jessica Sawyer,Laptop,Excellent quality and great customer service.,UAE,2025-09-26
131,Dorothy Martinez,Router,"Neither bad nor great, just fine.",France,2025-08-23
132,Dr. Amanda Lee DDS,Monitor,"It does what it says, no more no less.",France,2025-09-03
133,Gabriel Cabrera,Tablet,Works perfectly and meets all expectations.,Canada,2025-09-25
134,Debra Lopez,Tablet,"Amazing experience, will buy again.",Singapore,2025-10-08
135,Kelly Fletcher,Headphones,"Terrible experience, would not recommend.",Canada,2025-09-25
136,Kathleen Wallace,Tablet,Battery life is poor and performance is laggy.,USA,2025-09-01
137,Lindsey Peterson,Laptop,"Average quality, could be better.",Australia,2025-08-24
138,Samantha Austin,Tablet,Works perfectly and meets all expectations.,USA,2025-10-27
139,Christina Hernandez,Monitor,Very disappointed with the quality.,Canada,2025-10-31
140,Eric Wilson,Smartwatch,"Product is okay, nothing special.",Germany,2025-08-23
141,Daniel Allen,Speaker,"Amazing experience, will buy again.",Spain,2025-08-22
142,Jessica Jones,Smartwatch,"It does what it says, no more no less.",UAE,2025-08-30
143,Tim Logan,Tablet,Superb build and easy to use.,USA,2025-11-02
144,Robert Lopez,Router,Not impressed but not disappointed either.,UAE,2025-09-28
145,Jon Montgomery,Monitor,Superb build and easy to use.,Germany,2025-08-30
146,Howard Taylor,Tablet,"Amazing experience, will buy again.",Singapore,2025-09-12
147,William Diaz,Headphones,Works perfectly and meets all expectations.,France,2025-10-08
148,Sarah Nelson,Smartwatch,Customer support is unhelpful and rude.,Australia,2025-10-21
149,Kristin Salazar,Speaker,"Terrible experience, would not recommend.",Singapore,2025-08-23
150,Samuel Patterson,Headphones,Not impressed but not disappointed either.,Australia,2025-09-12
151,Brandon Waters,Smartphone,Battery life is poor and performance is laggy.,UK,2025-09-26
152,Kristen Torres,TV,"Neither bad nor great, just fine.",UK,2025-08-20
153,Stephanie Robertson,TV,Excellent quality and great customer service.,France,2025-09-03
154,Christian Howard,Router,Not impressed but not disappointed either.,Australia,2025-10-28
155,Sarah Mccormick,Speaker,"Average quality, could be better.",Singapore,2025-10-14
156,John Grant,Router,"Amazing experience, will buy again.",Spain,2025-09-07
157,Donald Baker,Speaker,Customer support is unhelpful and rude.,Spain,2025-09-23
158,Brandy Brown,Smartphone,"Completely useless, stopped working in a week.",UAE,2025-08-29
159,Troy Mclaughlin,Smartphone,"Neither bad nor great, just fine.",India,2025-08-09
160,Colleen Morales,Tablet,Not impressed but not disappointed either.,USA,2025-09-16
161,Jon Rodriguez,Smartphone,"Product is okay, nothing special.",India,2025-10-12
162,Jerry Schultz,Laptop,"Neither bad nor great, just fine.",Spain,2025-09-11
163,Darryl Garcia,Smartwatch,Superb build and easy to use.,Singapore,2025-09-07
164,Richard Norman,Router,Not impressed but not disappointed either.,USA,2025-09-14
165,Karen Stark,Speaker,"Amazing experience, will buy again.",USA,2025-09-09
166,Christopher Hill,Smartphone,"Amazing experience, will buy again.",India,2025-09-27
167,Nicholas Gibson,Laptop,"It does what it says, no more no less.",UAE,2025-11-02
168,John Vega,Router,"Product is okay, nothing special.",Canada,2025-10-08
169,Rachel Oliver,Speaker,Very disappointed with the quality.,Singapore,2025-10-01
170,David Vega,Monitor,"Neither bad nor great, just fine.",Spain,2025-10-02
171,Marissa Cervantes,Camera,"Amazing experience, will buy again.",USA,2025-09-01
172,Susan Taylor,Tablet,Superb build and easy to use.,Germany,2025-10-22
173,Joshua Ross,Camera,Superb build and easy to use.,UK,2025-08-20
174,Lynn Yang,Monitor,"Neither bad nor great, just fine.",UK,2025-09-23
175,Bobby Bailey,TV,Absolutely love this product! Highly recommend.,Spain,2025-11-05
176,Kevin Ortiz,TV,"Average quality, could be better.",Australia,2025-09-14
177,Mr. Kenneth Jones,Tablet,"Amazing experience, will buy again.",Spain,2025-10-17
178,Julie Rowland,Camera,Not impressed but not disappointed either.,India,2025-09-12
179,Anthony Pacheco,Smartwatch,Excellent quality and great customer service.,India,2025-10-17
180,Ashley Morrison,Laptop,Works perfectly and meets all expectations.,UAE,2025-09-01
181,Lisa Stewart,Monitor,Superb build and easy to use.,Spain,2025-10-30
182,Anthony Bell,Camera,Excellent quality and great customer service.,Spain,2025-10-16
183,Mrs. Brenda Medina MD,Tablet,Absolutely love this product! Highly recommend.,India,2025-09-13
184,Bradley Wyatt,Speaker,"Amazing experience, will buy again.",France,2025-11-01
185,John Jackson,Headphones,"It does what it says, no more no less.",France,2025-10-15
186,Adriana Holmes,Laptop,Not impressed but not disappointed either.,UAE,2025-10-11
187,Anthony Martin,Laptop,Excellent quality and great customer service.,UAE,2025-10-19
188,Jody Glover,Camera,"Completely useless, stopped working in a week.",Canada,2025-09-10
189,Dawn Carter,Speaker,"It does what it says, no more no less.",India,2025-09-24
190,Traci Sanders,Tablet,Works perfectly and meets all expectations.,UK,2025-09-27
191,Angela Doyle,Tablet,Battery life is poor and performance is laggy.,Spain,2025-10-01
192,Anne Combs,Smartwatch,Excellent quality and great customer service.,Canada,2025-08-18
193,Teresa Wright,Camera,Excellent quality and great customer service.,UK,2025-10-26
194,Jonathan Morrison,Router,"Amazing experience, will buy again.",UK,2025-10-13
195,Jacqueline James,Monitor,Not impressed but not disappointed either.,USA,2025-08-15
196,Jennifer Diaz,Router,Customer support is unhelpful and rude.,India,2025-09-09
197,Denise King,Headphones,Battery life is poor and performance is laggy.,UAE,2025-09-05
198,James Smith,Laptop,Very disappointed with the quality.,Canada,2025-08-21
199,Daniel Russell,Speaker,"It does what it says, no more no less.",France,2025-09-18
200,Dr. Rebecca Lamb,Speaker,"Completely useless, stopped working in a week.",Australia,2025-09-16
201,Daniel Gutierrez,Speaker,Superb build and easy to use.,Spain,2025-10-26
202,Morgan Carr,Speaker,Battery life is poor and performance is laggy.,UAE,2025-09-29
203,Shawn Walker,TV,Not impressed but not disappointed either.,UK,2025-08-29
204,Steven Stone,Camera,"Average quality, could be better.",USA,2025-08-18
205,Christopher Martin,Tablet,"Completely useless, stopped working in a week.",Australia,2025-09-17
206,Thomas Melendez,Router,"Neither bad nor great, just fine.",Spain,2025-09-01
207,Christopher Ramirez,Speaker,"Product is okay, nothing special.",USA,2025-08-23
208,Marcus Nash,Speaker,Excellent quality and great customer service.,UK,2025-10-28
209,Anthony Morales,Tablet,"Terrible experience, would not recommend.",UAE,2025-08-14
210,Mark King,TV,"Terrible experience, would not recommend.",Canada,2025-09-25
211,Glen Williams,Router,"Amazing experience, will buy again.",India,2025-11-02
212,Daniel Meyers,Laptop,Customer support is unhelpful and rude.,Canada,2025-10-02
213,Joseph Parks,Smartphone,Superb build and easy to use.,USA,2025-10-13
214,Heather Flores,Laptop,Superb build and easy to use.,USA,2025-10-09
215,Sierra Mendoza,Smartphone,"Terrible experience, would not recommend.",Singapore,2025-08-10
216,Steven Riley,Laptop,"Neither bad nor great, just fine.",Canada,2025-08-09
217,Mrs. Kristy Mason,Speaker,"Terrible experience, would not recommend.",Singapore,2025-08-23
218,Robert Sanchez,Smartwatch,Works perfectly and meets all expectations.,India,2025-09-21
219,Amy Freeman,Smartphone,"Product is okay, nothing special.",Australia,2025-09-25
220,Debbie Allison,Tablet,Absolutely love this product! Highly recommend.,Singapore,2025-08-09
221,Andrew Robinson,Headphones,"Amazing experience, will buy again.",Australia,2025-10-01
222,Melissa Brown,Speaker,"Neither bad nor great, just fine.",UAE,2025-10-30
223,Kathryn Harding,Smartphone,Works perfectly and meets all expectations.,France,2025-10-30
224,James Romero,Smartwatch,Battery life is poor and performance is laggy.,Spain,2025-09-23
225,Henry Dillon,Router,Works perfectly and meets all expectations.,Canada,2025-09-25
226,Stephanie Jones,Monitor,Absolutely love this product! Highly recommend.,Canada,2025-10-08
227,Tracy Hunter,Camera,Excellent quality and great customer service.,USA,2025-09-17
228,Kelly Chavez,TV,"Amazing experience, will buy again.",UK,2025-11-04
229,Dr. Scott Ray,Monitor,Works perfectly and meets all expectations.,Canada,2025-09-12
230,Ryan Gomez,Headphones,"Product is okay, nothing special.",Canada,2025-09-24
231,Amanda White,Laptop,Battery life is poor and performance is laggy.,Australia,2025-08-16
232,Charles Rodriguez,Smartwatch,Works perfectly and meets all expectations.,Spain,2025-09-21
233,Jacob Hernandez,Laptop,Works perfectly and meets all expectations.,Canada,2025-10-02
234,Charles Blackwell,Router,"Neither bad nor great, just fine.",Australia,2025-11-05
235,Scott Hernandez,Laptop,Excellent quality and great customer service.,USA,2025-09-02
236,Daniel Clark,Router,Works perfectly and meets all expectations.,India,2025-09-07
237,Frank Joyce,Router,Superb build and easy to use.,UAE,2025-11-02
238,Cynthia Hill,Monitor,"Amazing experience, will buy again.",UAE,2025-09-10
239,Teresa Allen,Speaker,Very disappointed with the quality.,India,2025-11-01
240,Alexander Austin,Headphones,Excellent quality and great customer service.,India,2025-09-21
241,Zachary Schwartz,Smartphone,"Amazing experience, will buy again.",France,2025-10-28
242,Carolyn Dean,Headphones,"Neither bad nor great, just fine.",Australia,2025-09-11
243,Jessica Pacheco,Smartwatch,"Amazing experience, will buy again.",Spain,2025-10-08
244,Courtney Price,Monitor,Battery life is poor and performance is laggy.,UAE,2025-09-17
245,Kellie Rosario,Router,"Terrible experience, would not recommend.",Canada,2025-10-28
246,Melissa Simon,Tablet,"Completely useless, stopped working in a week.",India,2025-10-07
247,Tamara Ford,TV,"Average quality, could be better.",France,2025-09-30
248,Alan Cooke,Tablet,Excellent quality and great customer service.,Singapore,2025-08-27
249,Olivia Byrd,Camera,"Neither bad nor great, just fine.",India,2025-08-24
250,Alicia Woodard,Monitor,Not impressed but not disappointed either.,France,2025-08-14
251,Jason Bentley,Smartwatch,Absolutely love this product! Highly recommend.,Singapore,2025-08-10
252,Carl Jackson,Monitor,Superb build and easy to use.,UAE,2025-09-14
253,Donna Pierce,Camera,Superb build and easy to use.,Canada,2025-10-23
254,Jacob Lutz,Speaker,Works perfectly and meets all expectations.,Australia,2025-09-21
255,Thomas Thompson,Smartwatch,Absolutely love this product! Highly recommend.,USA,2025-10-05
256,Alyssa Fox,Smartphone,Superb build and easy to use.,USA,2025-10-08
257,Nicholas Watts MD,TV,Customer support is unhelpful and rude.,India,2025-11-03
258,Ashley Wells,Speaker,Customer support is unhelpful and rude.,USA,2025-09-26
259,Sherri Ramsey,Laptop,Works perfectly and meets all expectations.,Australia,2025-09-02
260,Michael Dickson,Headphones,Superb build and easy to use.,USA,2025-08-09
261,Dustin Garcia,Monitor,"Amazing experience, will buy again.",Canada,2025-09-06
262,Alicia Williams,Smartwatch,Excellent quality and great customer service.,France,2025-09-03
263,Alison Shepherd,Camera,Battery life is poor and performance is laggy.,USA,2025-10-27
264,Patricia Madden,Tablet,Excellent quality and great customer service.,UAE,2025-09-01
265,Anthony Huynh,TV,"Amazing experience, will buy again.",USA,2025-08-23
266,Stephen Sims,Tablet,Absolutely love this product! Highly recommend.,Australia,2025-08-17
267,Hannah Acevedo,Speaker,"It does what it says, no more no less.",France,2025-08-13
268,Mr. Todd Humphrey DDS,Smartphone,"Average quality, could be better.",Canada,2025-09-26
269,Miranda Livingston,Smartwatch,Absolutely love this product! Highly recommend.,Australia,2025-09-17
270,Alicia Peterson,Camera,Superb build and easy to use.,Germany,2025-08-19
271,Jennifer Stanley,Monitor,Excellent quality and great customer service.,India,2025-10-04
272,Lance Chen,Laptop,"Neither bad nor great, just fine.",France,2025-10-16
273,Tricia Kennedy,Smartphone,Superb build and easy to use.,UK,2025-08-14
274,Mary Drake,Camera,Excellent quality and great customer service.,Canada,2025-08-09
275,Chris Garza,Monitor,"It does what it says, no more no less.",Canada,2025-09-13
276,Linda Lowery,Speaker,Superb build and easy to use.,Canada,2025-08-25
277,Laura Combs,Tablet,"Neither bad nor great, just fine.",UAE,2025-09-12
278,Ian Pacheco,Smartphone,"Neither bad nor great, just fine.",UK,2025-10-04
279,Daniel Patterson,Smartphone,Very disappointed with the quality.,Australia,2025-08-21
280,Kayla Howell,Smartwatch,Battery life is poor and performance is laggy.,UK,2025-10-23
281,Kevin Dillon,Monitor,"Average quality, could be better.",France,2025-09-05
282,Jasmine Wu,Laptop,"Amazing experience, will buy again.",USA,2025-10-02
283,Gina Jackson,Router,"Amazing experience, will buy again.",Spain,2025-08-31
284,Scott Miranda,Smartphone,Excellent quality and great customer service.,Singapore,2025-09-11
285,Daniel Watson,Camera,Superb build and easy to use.,Singapore,2025-08-28
286,Kristina Wall,Speaker,"Product is okay, nothing special.",Germany,2025-10-13
287,Katie Gutierrez,Headphones,Not impressed but not disappointed either.,Germany,2025-10-31
288,Jenna Mcdowell,Camera,"Amazing experience, will buy again.",Canada,2025-08-28
289,Kenneth Thomas,Speaker,"Amazing experience, will buy again.",India,2025-08-30
290,Katrina Bell,Headphones,"Amazing experience, will buy again.",UAE,2025-09-24
291,Daniel Orozco,Smartwatch,Excellent quality and great customer service.,Singapore,2025-10-21
292,Jonathan Wright,Smartwatch,"Average quality, could be better.",USA,2025-09-20
293,David Aguirre,Router,Superb build and easy to use.,USA,2025-08-24
294,Tim Jacobs,Smartphone,Excellent quality and great customer service.,UK,2025-11-02
295,Nicholas Calhoun,Camera,Superb build and easy to use.,UAE,2025-09-08
296,Michelle Silva,Camera,Not impressed but not disappointed either.,Spain,2025-10-19
297,Anthony Wheeler,Router,Excellent quality and great customer service.,USA,2025-10-13
298,Nicholas Bush,Smartwatch,"It does what it says, no more no less.",Australia,2025-10-30
299,Elizabeth Salinas,Speaker,"Amazing experience, will buy again.",UK,2025-11-03
300,Jessica Moore,Speaker,"Amazing experience, will buy again.",UK,2025-10-10
301,Cameron Bush,Smartphone,"It does what it says, no more no less.",France,2025-11-06
302,Matthew Medina,Monitor,"Completely useless, stopped working in a week.",UAE,2025-10-05
303,Joshua Mills,Smartwatch,"Amazing experience, will buy again.",UAE,2025-10-31
304,Alexander Gray,Router,Excellent quality and great customer service.,UAE,2025-10-25
305,Melinda Gardner,Monitor,"It does what it says, no more no less.",UAE,2025-08-30
306,Jennifer Middleton,TV,Absolutely love this product! Highly recommend.,UAE,2025-10-13
307,Marc Hammond,Laptop,"Amazing experience, will buy again.",Australia,2025-09-29
308,Mary Casey,Smartwatch,"Amazing experience, will buy again.",Singapore,2025-10-27
309,Edgar Simpson,Camera,Customer support is unhelpful and rude.,India,2025-09-24
310,Taylor Silva,Monitor,Excellent quality and great customer service.,Spain,2025-08-27
311,Tonya White,Router,"Terrible experience, would not recommend.",Singapore,2025-10-02
312,Larry Moyer,Smartphone,"It does what it says, no more no less.",Spain,2025-09-29
313,Karen Avery,Router,Very disappointed with the quality.,Australia,2025-08-20
314,Calvin Davis,Monitor,Superb build and easy to use.,UK,2025-11-06
315,Eugene Guzman,Headphones,Superb build and easy to use.,Spain,2025-09-22
316,Hannah Walter,Smartwatch,"Terrible experience, would not recommend.",USA,2025-08-31
317,Mckenzie Goodman,Laptop,Works perfectly and meets all expectations.,Germany,2025-08-16
318,Miss Dana Burgess,Smartwatch,"Amazing experience, will buy again.",India,2025-08-25
319,Dakota Miranda,Headphones,Superb build and easy to use.,Germany,2025-09-08
320,Ryan Ortega,Tablet,"Amazing experience, will buy again.",India,2025-09-11
321,Hannah Robinson,Speaker,"Terrible experience, would not recommend.",Singapore,2025-10-12
322,Carmen House,Headphones,Superb build and easy to use.,Australia,2025-10-18
323,Andres Duncan,Monitor,Works perfectly and meets all expectations.,Singapore,2025-10-03
324,Kayla Glenn,Laptop,Not impressed but not disappointed either.,UK,2025-10-28
325,Hayley Warner,Router,"Product is okay, nothing special.",Australia,2025-11-06
326,Elizabeth Ramirez,Laptop,"Product is okay, nothing special.",USA,2025-10-07
327,Ronald Myers,Monitor,"Amazing experience, will buy again.",UAE,2025-09-15
328,Evan Webb,Tablet,"Neither bad nor great, just fine.",India,2025-10-11
329,James Parker,Camera,"Average quality, could be better.",Canada,2025-10-17
330,James Bryan,Speaker,"Terrible experience, would not recommend.",France,2025-09-13
331,Derek Davis,Router,Absolutely love this product! Highly recommend.,Germany,2025-10-28
332,Amber Duran,Router,"It does what it says, no more no less.",Australia,2025-10-06
333,Ernest Nichols,Smartwatch,"Product is okay, nothing special.",Canada,2025-09-25
334,Melanie Ware,Laptop,"Amazing experience, will buy again.",India,2025-08-15
335,Francisco Smith,Headphones,Absolutely love this product! Highly recommend.,UAE,2025-10-05
336,Jamie Harris,Monitor,Excellent quality and great customer service.,Spain,2025-08-31
337,Jessica Taylor,Speaker,Excellent quality and great customer service.,Germany,2025-11-03
338,Richard Johnston,Router,Not impressed but not disappointed either.,Germany,2025-10-08
339,Katherine Collins,TV,Not impressed but not disappointed either.,Germany,2025-10-06
340,Sharon Hanson,Smartphone,Not impressed but not disappointed either.,USA,2025-10-12
341,Melissa Wood,Smartwatch,"It does what it says, no more no less.",Spain,2025-08-14
342,Nicholas Norris,Tablet,Absolutely love this product! Highly recommend.,Australia,2025-10-03
343,Katrina Howard,Tablet,"Completely useless, stopped working in a week.",USA,2025-10-20
344,Melvin Elliott,Speaker,Superb build and easy to use.,Singapore,2025-08-24
345,David Cook,Laptop,Works perfectly and meets all expectations.,USA,2025-09-07
346,Paul Rhodes,Monitor,Works perfectly and meets all expectations.,Spain,2025-08-29
347,Kayla Abbott,Smartwatch,Superb build and easy to use.,Singapore,2025-08-13
348,Anthony Reed,Smartwatch,"Neither bad nor great, just fine.",France,2025-10-29
349,Laura Warner,Laptop,Excellent quality and great customer service.,Canada,2025-09-28
350,Michael Alvarez,Laptop,Excellent quality and great customer service.,India,2025-10-21
351,Michael Shaffer,Speaker,"Neither bad nor great, just fine.",UK,2025-09-28
352,Ashley Smith,Smartwatch,Excellent quality and great customer service.,Australia,2025-09-18
353,Michele Miles,Headphones,"Average quality, could be better.",Germany,2025-08-29
354,Kirk Chambers,Monitor,"Terrible experience, would not recommend.",USA,2025-09-28
355,Robert Taylor,Camera,"Terrible experience, would not recommend.",France,2025-10-01
356,Sarah Williams,Smartwatch,Battery life is poor and performance is laggy.,USA,2025-10-12
357,Shelly Adams,Laptop,"Terrible experience, would not recommend.",Australia,2025-08-15
358,Joseph Allen,Speaker,"It does what it says, no more no less.",Germany,2025-09-05
359,Christopher Mendoza,TV,"Amazing experience, will buy again.",Singapore,2025-09-25
360,Elizabeth Perez,TV,Absolutely love this product! Highly recommend.,Australia,2025-09-26
361,Daniel Fox,Monitor,Superb build and easy to use.,UK,2025-10-26
362,Theresa Scott,Tablet,"It does what it says, no more no less.",Australia,2025-09-03
363,Aaron Reyes,Monitor,"Neither bad nor great, just fine.",France,2025-09-19
364,Jeremy Knight,TV,"Neither bad nor great, just fine.",Germany,2025-08-20
365,Maria Jordan,Speaker,"Terrible experience, would not recommend.",India,2025-10-16
366,Desiree Reed,Smartwatch,Excellent quality and great customer service.,Canada,2025-10-11
367,William Tran,TV,Works perfectly and meets all expectations.,India,2025-09-19
368,Miss Vanessa Smith,Smartphone,"Average quality, could be better.",UK,2025-10-18
369,Christopher Stout,Smartphone,Absolutely love this product! Highly recommend.,Germany,2025-08-23
370,Robert Tyler,Router,Superb build and easy to use.,UK,2025-10-26
371,Curtis Lewis,Tablet,"Amazing experience, will buy again.",USA,2025-11-05
372,Michele Cortez,Smartwatch,Works perfectly and meets all expectations.,UAE,2025-08-28
373,Wesley Adams,Camera,"Completely useless, stopped working in a week.",Spain,2025-10-25
374,Maria Harper,Headphones,Very disappointed with the quality.,Spain,2025-08-19
375,Peter Garcia,Headphones,Absolutely love this product! Highly recommend.,Singapore,2025-10-01
376,Jennifer Curtis,Smartphone,"Average quality, could be better.",France,2025-09-19
377,Anthony Lindsey,Speaker,Not impressed but not disappointed either.,Spain,2025-08-17
378,Jonathon Wilson,Router,"Terrible experience, would not recommend.",Singapore,2025-11-02
379,William Williams,Headphones,"Average quality, could be better.",Spain,2025-08-13
380,Melissa Crawford,Smartwatch,"It does what it says, no more no less.",India,2025-09-28
381,Andrew Green,Headphones,Battery life is poor and performance is laggy.,Germany,2025-09-26
382,William Garcia,Tablet,Not impressed but not disappointed either.,Spain,2025-08-20
383,Mark Lewis,Tablet,"Average quality, could be better.",Australia,2025-10-20
384,Rebecca Collins,Monitor,"Neither bad nor great, just fine.",USA,2025-10-24
385,William Gonzales,Router,Customer support is unhelpful and rude.,UAE,2025-10-19
386,Raymond Spencer,Headphones,"Amazing experience, will buy again.",Australia,2025-08-10
387,Kim Wagner,Laptop,Not impressed but not disappointed either.,USA,2025-10-25
388,Cindy Mitchell,Smartwatch,Customer support is unhelpful and rude.,UK,2025-09-14
389,Joshua Snyder,Router,Battery life is poor and performance is laggy.,Spain,2025-10-30
390,Luis Gray,Tablet,Works perfectly and meets all expectations.,Spain,2025-09-20
391,Sharon Brock,Laptop,Absolutely love this product! Highly recommend.,Singapore,2025-09-12
392,Andrew Ferguson,Camera,"Neither bad nor great, just fine.",UAE,2025-09-14
393,Brittany Bowers,Headphones,"Product is okay, nothing special.",Australia,2025-10-12
394,Donald Hayden,Camera,"Neither bad nor great, just fine.",India,2025-10-27
395,Daniel Hernandez,Tablet,Superb build and easy to use.,India,2025-09-24
396,Joseph Davidson,Smartwatch,Not impressed but not disappointed either.,Spain,2025-10-15
397,Debra Estes,Smartwatch,"Product is okay, nothing special.",Germany,2025-08-26
398,Gabriel Watkins,Smartphone,"Completely useless, stopped working in a week.",UAE,2025-08-12
399,Angela Long,Camera,Excellent quality and great customer service.,Canada,2025-09-20
400,Kyle Faulkner,Smartphone,"It does what it says, no more no less.",India,2025-10-20
401,Jonathan Lowery,Monitor,"Terrible experience, would not recommend.",Australia,2025-11-01
402,Scott Chambers,Speaker,"Product is okay, nothing special.",USA,2025-10-26
403,Mr. James Calderon,Smartwatch,Superb build and easy to use.,UK,2025-08-25
404,Gail White,TV,"Product is okay, nothing special.",France,2025-09-20
405,Robert Lopez,Headphones,"Amazing experience, will buy again.",Canada,2025-10-01
406,Angela Gomez,Camera,"Product is okay, nothing special.",Spain,2025-08-23
407,Debra Medina,Smartphone,"Neither bad nor great, just fine.",UAE,2025-09-06
408,Matthew Huber,Camera,Works perfectly and meets all expectations.,USA,2025-10-03
409,Micheal Jensen,Speaker,"It does what it says, no more no less.",France,2025-11-06
410,Chad Olson,Smartwatch,Not impressed but not disappointed either.,Spain,2025-08-16
411,Lindsey Smith,Smartphone,Not impressed but not disappointed either.,Spain,2025-10-17
412,Ana Humphrey,Smartphone,"Terrible experience, would not recommend.",Singapore,2025-08-27
413,Tiffany Frye,Speaker,Very disappointed with the quality.,Australia,2025-08-19
414,Carla Wright DVM,TV,Superb build and easy to use.,France,2025-08-15
415,Derrick Alvarez,Headphones,"Completely useless, stopped working in a week.",Germany,2025-08-27
416,George Buck,Router,Absolutely love this product! Highly recommend.,Germany,2025-08-31
417,Zachary Stone,Laptop,Absolutely love this product! Highly recommend.,UK,2025-08-10
418,Austin Watson,Speaker,Works perfectly and meets all expectations.,UAE,2025-10-24
419,Tara Martin DDS,Monitor,Works perfectly and meets all expectations.,Spain,2025-10-31
420,Christopher Burnett,Headphones,"Amazing experience, will buy again.",Germany,2025-08-25
421,Alexander Obrien,Router,Excellent quality and great customer service.,France,2025-10-19
422,Sarah Hunt,Laptop,Excellent quality and great customer service.,Spain,2025-09-20
423,Rachel Dougherty,Camera,"It does what it says, no more no less.",Spain,2025-10-17
424,Tyler Chen,Headphones,Not impressed but not disappointed either.,UK,2025-10-15
425,Julie Barber,Laptop,Works perfectly and meets all expectations.,USA,2025-10-13
426,James Griffith,TV,Works perfectly and meets all expectations.,Canada,2025-09-30
427,Paul Moore,Speaker,"Product is okay, nothing special.",Singapore,2025-09-27
428,Brian Lewis,Smartwatch,"It does what it says, no more no less.",UAE,2025-08-27
429,Eric Lopez,Speaker,Customer support is unhelpful and rude.,USA,2025-09-28
430,Francis Hayes,Speaker,Superb build and easy to use.,UAE,2025-09-09
431,Ronald Thomas,Camera,"Average quality, could be better.",Spain,2025-09-15
432,Jesus Bowen,TV,Excellent quality and great customer service.,France,2025-09-15
433,Frank Wong,Smartwatch,"Completely useless, stopped working in a week.",India,2025-09-05
434,Martin Turner,Speaker,Not impressed but not disappointed either.,Canada,2025-08-22
435,Jennifer Burns,Smartphone,Customer support is unhelpful and rude.,Singapore,2025-10-30
436,Dr. Thomas Christian,TV,Excellent quality and great customer service.,UK,2025-11-04
437,Joel Smith,Router,Works perfectly and meets all expectations.,Canada,2025-08-30
438,Harry Sanders PhD,Monitor,"Amazing experience, will buy again.",Singapore,2025-09-28
439,Maria Boyd,Speaker,Excellent quality and great customer service.,Australia,2025-10-08
440,Jonathan Ruiz,Tablet,Works perfectly and meets all expectations.,France,2025-10-27
441,Paul Franco,Monitor,Excellent quality and great customer service.,Germany,2025-09-10
442,Todd Duran,Speaker,"Average quality, could be better.",UAE,2025-10-08
443,Sean Miller,Smartwatch,Works perfectly and meets all expectations.,UAE,2025-11-06
444,Matthew Collins DDS,Camera,"It does what it says, no more no less.",France,2025-09-05
445,Brandi Garcia,Camera,Customer support is unhelpful and rude.,France,2025-09-12
446,Nathan Peterson,Monitor,Superb build and easy to use.,Singapore,2025-10-24
447,Benjamin Garcia,Smartwatch,"Completely useless, stopped working in a week.",France,2025-10-06
448,Paul Johnson,Smartwatch,"Amazing experience, will buy again.",France,2025-09-05
449,Jacob Taylor,Camera,Excellent quality and great customer service.,UK,2025-08-15
450,Amanda Middleton,Laptop,"Average quality, could be better.",Australia,2025-09-06
451,Andrew Riley,Router,Customer support is unhelpful and rude.,USA,2025-10-05
452,Clinton Lee,Router,"Product is okay, nothing special.",USA,2025-09-23
453,Kimberly Preston,Headphones,Excellent quality and great customer service.,UK,2025-10-05
454,Emma Whitney,Laptop,"Average quality, could be better.",USA,2025-08-24
455,Sara Mcgee,Tablet,Battery life is poor and performance is laggy.,Spain,2025-08-18
456,Marcus Marquez,Speaker,Absolutely love this product! Highly recommend.,Singapore,2025-08-28
457,David Shepherd,TV,"Average quality, could be better.",France,2025-09-15
458,Bradley Yang,Camera,Excellent quality and great customer service.,Germany,2025-09-16
459,Andrew Leach,Smartphone,"Amazing experience, will buy again.",UK,2025-10-16
460,Deborah Holloway,Camera,Excellent quality and great customer service.,France,2025-09-19
461,Casey Frye,Tablet,Excellent quality and great customer service.,Australia,2025-10-11
462,Amy Mann,Smartphone,"Neither bad nor great, just fine.",USA,2025-08-28
463,Frank Horn,Smartphone,"Product is okay, nothing special.",USA,2025-08-21
464,Melissa Phelps,Camera,Customer support is unhelpful and rude.,Canada,2025-11-01
465,Susan Davis,Speaker,"Product is okay, nothing special.",UAE,2025-09-06
466,Erica White,Headphones,Battery life is poor and performance is laggy.,USA,2025-08-21
467,Lisa Macias,Monitor,Superb build and easy to use.,Canada,2025-08-28
468,Kayla Walker,Laptop,"Terrible experience, would not recommend.",Singapore,2025-10-15
469,Gina Sandoval,Smartwatch,"Product is okay, nothing special.",Canada,2025-10-11
470,Sarah Johnston,Monitor,Absolutely love this product! Highly recommend.,Germany,2025-09-14
471,William Hall,Camera,"Average quality, could be better.",USA,2025-11-05
472,Robert Fuentes,Headphones,"Product is okay, nothing special.",UK,2025-09-01
473,Leslie Larson,Smartwatch,"It does what it says, no more no less.",France,2025-11-01
474,Robert Gallegos,TV,"Product is okay, nothing special.",Canada,2025-08-19
475,David Mendoza,Router,"Terrible experience, would not recommend.",Canada,2025-10-19
476,Gloria Sosa,TV,"Product is okay, nothing special.",Spain,2025-08-25
477,Michael Stephens,TV,"Amazing experience, will buy again.",Spain,2025-10-01
478,Ethan Boyd,Headphones,Superb build and easy to use.,UK,2025-08-21
479,Jamie Duncan,Monitor,Absolutely love this product! Highly recommend.,UAE,2025-09-27
480,Richard Cortez,Smartphone,"Terrible experience, would not recommend.",Australia,2025-10-14
481,Jennifer Aguilar,Laptop,Works perfectly and meets all expectations.,Spain,2025-08-21
482,Allison Thomas,Laptop,Works perfectly and meets all expectations.,Canada,2025-09-27
483,Craig Lee,Smartphone,Not impressed but not disappointed either.,Australia,2025-10-19
484,Nicole Jones,TV,Absolutely love this product! Highly recommend.,UAE,2025-10-19
485,Elizabeth Barker,Speaker,"Amazing experience, will buy again.",UK,2025-10-09
486,Ashley Morrison DDS,Laptop,"Amazing experience, will buy again.",UAE,2025-09-01
487,Joseph Dillon,Router,Superb build and easy to use.,UAE,2025-09-19
488,Victoria Taylor,Router,Superb build and easy to use.,USA,2025-08-23
489,Alicia Cain,Router,Superb build and easy to use.,Australia,2025-10-24
490,Angela Aguilar,Camera,Customer support is unhelpful and rude.,USA,2025-08-10
491,Christopher Hunter,Speaker,Excellent quality and great customer service.,Singapore,2025-08-19
492,Carolyn King,Speaker,"Product is okay, nothing special.",Canada,2025-09-01
493,Alexis Walker,Speaker,Customer support is unhelpful and rude.,India,2025-09-03
494,Vanessa Freeman,Headphones,"Terrible experience, would not recommend.",Germany,2025-10-27
495,Terry Ward DDS,Smartphone,Superb build and easy to use.,India,2025-10-02
496,Jordan Callahan,TV,"Amazing experience, will buy again.",India,2025-10-30
497,Gabrielle Carter,Router,Not impressed but not disappointed either.,Germany,2025-10-09
498,Jay Brooks,Tablet,Customer support is unhelpful and rude.,Singapore,2025-09-13
499,Allison Walker,Router,Excellent quality and great customer service.,Australia,2025-09-19
500,Jennifer Robinson,Tablet,"Amazing experience, will buy again.",Spain,2025-10-15
501,Karen Gomez,Speaker,Absolutely love this product! Highly recommend.,France,2025-08-27
502,Joseph Powell,Headphones,"Neither bad nor great, just fine.",India,2025-09-21
503,Robert Smith,Headphones,"It does what it says, no more no less.",Australia,2025-10-08
504,Natalie Bennett,Smartwatch,"Product is okay, nothing special.",India,2025-09-11
505,Linda Vasquez,Speaker,Not impressed but not disappointed either.,Australia,2025-08-23
506,Kendra Armstrong,Tablet,Customer support is unhelpful and rude.,Spain,2025-10-10
507,Elizabeth Velasquez,Laptop,"Amazing experience, will buy again.",France,2025-09-06
508,Michael Villarreal,Speaker,Very disappointed with the quality.,India,2025-10-10
509,Jacob Miller,TV,"It does what it says, no more no less.",USA,2025-08-18
510,Matthew Brown,Monitor,"It does what it says, no more no less.",Australia,2025-10-15
511,Eileen Allen,Tablet,Very disappointed with the quality.,Germany,2025-08-12
512,Kristy Mathews,Smartphone,"Amazing experience, will buy again.",India,2025-10-26
513,Robert Nelson,Monitor,Works perfectly and meets all expectations.,Singapore,2025-09-05
514,Sharon Garcia,Camera,"Product is okay, nothing special.",Spain,2025-11-04
515,Aaron Poole,Laptop,Superb build and easy to use.,France,2025-08-13
516,Joseph Anderson,Headphones,Superb build and easy to use.,Canada,2025-08-09
517,David Wood Jr.,Smartphone,Superb build and easy to use.,India,2025-11-03
518,Philip Sanchez,Monitor,Absolutely love this product! Highly recommend.,Singapore,2025-10-01
519,Michael Perez,TV,Absolutely love this product! Highly recommend.,UK,2025-09-19
520,Scott Pope,Tablet,Excellent quality and great customer service.,Spain,2025-10-02
521,Stephanie Mays,Smartphone,Superb build and easy to use.,Spain,2025-08-18
522,Alexandria Rodriguez,Tablet,"It does what it says, no more no less.",India,2025-10-15
523,Joseph Tyler,Smartphone,"Amazing experience, will buy again.",UAE,2025-09-07
524,Rachel Walters,Tablet,Works perfectly and meets all expectations.,UK,2025-10-08
525,Nicholas Molina,Smartphone,Absolutely love this product! Highly recommend.,UAE,2025-10-06
526,Linda Hunter,Speaker,"Terrible experience, would not recommend.",India,2025-09-30
527,Jeremy Adams,Tablet,Superb build and easy to use.,India,2025-08-27
528,Michael Tucker MD,Headphones,"Amazing experience, will buy again.",Germany,2025-09-10
529,Renee Powell,Laptop,"Average quality, could be better.",Australia,2025-09-19
530,Melissa Jones,Smartwatch,"It does what it says, no more no less.",Spain,2025-08-16
531,Jacqueline Johnson,Tablet,"It does what it says, no more no less.",Germany,2025-09-04
532,Michael Rodriguez,Smartphone,Excellent quality and great customer service.,Spain,2025-08-18
533,Mrs. Jennifer Stein,Monitor,Excellent quality and great customer service.,UAE,2025-10-17
534,Jessica Carlson,Smartphone,Superb build and easy to use.,France,2025-08-15
535,William Rodriguez,Tablet,Superb build and easy to use.,UK,2025-10-16
536,Joseph Mitchell,Router,Superb build and easy to use.,Canada,2025-09-29
537,Charles Baldwin,Smartwatch,Customer support is unhelpful and rude.,USA,2025-10-19
538,Madison Jackson,Router,"Average quality, could be better.",France,2025-08-24
539,Robert Hill,Monitor,"Average quality, could be better.",India,2025-09-10
540,Kaylee Jarvis,TV,"It does what it says, no more no less.",Spain,2025-09-13
541,Kimberly Hernandez,Smartphone,Absolutely love this product! Highly recommend.,Australia,2025-09-14
542,Cynthia Hopkins,Router,"Amazing experience, will buy again.",UAE,2025-09-21
543,Dakota Mckenzie,Router,Works perfectly and meets all expectations.,Singapore,2025-09-25
544,Joann Cox,TV,Absolutely love this product! Highly recommend.,USA,2025-08-12
545,Blake Wolfe,Smartwatch,Excellent quality and great customer service.,UAE,2025-09-12
546,Amy Wood,Laptop,Battery life is poor and performance is laggy.,France,2025-08-09
547,Julie Bennett,Smartwatch,"Neither bad nor great, just fine.",India,2025-11-01
548,Melissa Gill,Smartwatch,"Completely useless, stopped working in a week.",UK,2025-10-08
549,Patricia Parrish,Smartwatch,Very disappointed with the quality.,UK,2025-09-13
550,Kathleen Reeves DDS,Laptop,"Amazing experience, will buy again.",Germany,2025-11-04
551,Lisa Rodriguez,Headphones,"Completely useless, stopped working in a week.",France,2025-10-22
552,Andrew Gibson,Headphones,"Amazing experience, will buy again.",UK,2025-11-02
553,Melinda Jones,Headphones,"Amazing experience, will buy again.",UK,2025-10-03
554,Kimberly Fischer,Laptop,Absolutely love this product! Highly recommend.,USA,2025-09-28
555,Ronnie Bailey,TV,Superb build and easy to use.,UAE,2025-08-18
556,Richard Marshall,Router,Works perfectly and meets all expectations.,Canada,2025-10-13
557,Jose White,Tablet,Superb build and easy to use.,Spain,2025-10-22
558,Diane Russo,Smartphone,Superb build and easy to use.,Australia,2025-09-10
559,Bryan Black,TV,"Product is okay, nothing special.",France,2025-10-11
560,Joseph Allen,Router,Works perfectly and meets all expectations.,Australia,2025-10-27
561,Matthew Russell,Tablet,"Amazing experience, will buy again.",France,2025-08-22
562,Brooke Austin,TV,"Neither bad nor great, just fine.",India,2025-09-21
563,Jacob Ramirez,Smartwatch,"Terrible experience, would not recommend.",France,2025-08-23
564,Allison Love,Smartphone,Superb build and easy to use.,UK,2025-09-28
565,Brian Torres,Headphones,"Product is okay, nothing special.",UAE,2025-09-17
566,Lori Williams,Tablet,Superb build and easy to use.,India,2025-08-22
567,Megan Santiago DVM,TV,"Product is okay, nothing special.",USA,2025-10-19
568,Tyler Hernandez,TV,Excellent quality and great customer service.,UK,2025-10-25
569,Todd Garcia,Camera,Battery life is poor and performance is laggy.,UK,2025-11-05
570,Donald Carey,Tablet,"Average quality, could be better.",USA,2025-08-22
571,Loretta Ferrell,Smartwatch,"Completely useless, stopped working in a week.",UK,2025-09-20
572,William Taylor,Router,Absolutely love this product! Highly recommend.,Spain,2025-09-05
573,James Hernandez,Smartphone,"Completely useless, stopped working in a week.",France,2025-09-15
574,Robert King,TV,Not impressed but not disappointed either.,Germany,2025-10-10
575,Stephanie Castillo,Headphones,Very disappointed with the quality.,UK,2025-08-16
576,Joann Howard,Camera,"Amazing experience, will buy again.",Singapore,2025-11-05
577,Danielle Macdonald,Smartwatch,Customer support is unhelpful and rude.,USA,2025-11-04
578,Charles Grant,Camera,Excellent quality and great customer service.,UAE,2025-09-15
579,Christopher Carson,Monitor,"It does what it says, no more no less.",USA,2025-08-23
580,Alicia Thomas,Camera,"Amazing experience, will buy again.",Singapore,2025-10-21
581,Larry Hutchinson,Laptop,Superb build and easy to use.,Spain,2025-08-26
582,Christopher Jones,Smartwatch,Absolutely love this product! Highly recommend.,Singapore,2025-09-13
583,Diana Dillon,Laptop,"It does what it says, no more no less.",Singapore,2025-08-23
584,Jose Blankenship,Smartwatch,Not impressed but not disappointed either.,Germany,2025-08-11
585,Derek Miller,Smartwatch,"Neither bad nor great, just fine.",France,2025-10-30
586,Brian Vaughn,Smartwatch,"It does what it says, no more no less.",USA,2025-09-16
587,Margaret Smith,Smartphone,"Product is okay, nothing special.",Singapore,2025-10-02
588,Paul Lambert MD,Camera,Absolutely love this product! Highly recommend.,UK,2025-08-26
589,Jennifer Murphy,Headphones,"Neither bad nor great, just fine.",Spain,2025-08-21
590,Ann Peterson,TV,"Terrible experience, would not recommend.",UAE,2025-09-17
591,Peter Coleman,Laptop,Excellent quality and great customer service.,Germany,2025-08-25
592,Deborah Nelson,Camera,Superb build and easy to use.,USA,2025-09-09
593,Lisa Stewart,Speaker,Excellent quality and great customer service.,UAE,2025-09-19
594,Keith Spence,Tablet,Absolutely love this product! Highly recommend.,Germany,2025-09-02
595,Jose Williams,Monitor,Absolutely love this product! Highly recommend.,UK,2025-08-09
596,Jonathan Johnson,TV,Superb build and easy to use.,UK,2025-09-05
597,Barbara Mathis,Tablet,"It does what it says, no more no less.",USA,2025-09-16
598,Abigail Kim,TV,"Neither bad nor great, just fine.",France,2025-09-20
599,Megan Horn,Headphones,"Average quality, could be better.",USA,2025-08-26
600,Sarah Anderson,Camera,Not impressed but not disappointed either.,Australia,2025-10-01
601,Rita Brooks,Tablet,Battery life is poor and performance is laggy.,Australia,2025-09-05
602,Chad Rodriguez,Router,Superb build and easy to use.,Spain,2025-08-30
603,Walter Sharp,Smartphone,Very disappointed with the quality.,UK,2025-09-05
604,Tara Wade,Tablet,Works perfectly and meets all expectations.,Germany,2025-09-27
605,Cynthia Reed,Smartwatch,"Product is okay, nothing special.",UK,2025-08-31
606,Maria Jones,Smartwatch,"Neither bad nor great, just fine.",UK,2025-09-12
607,Stephanie Walters,Smartphone,"Amazing experience, will buy again.",USA,2025-09-08
608,Robert Murphy,TV,"Average quality, could be better.",Canada,2025-09-15
609,Melissa Davis,Smartwatch,Customer support is unhelpful and rude.,UAE,2025-10-14
610,Joseph Brown,Smartwatch,"Product is okay, nothing special.",Germany,2025-11-03
611,Julia Todd,Smartwatch,"Amazing experience, will buy again.",Spain,2025-08-29
612,George Roach,Smartwatch,Works perfectly and meets all expectations.,UK,2025-09-25
613,Dylan Harris,Smartphone,Very disappointed with the quality.,UK,2025-09-28
614,Jason Harvey,Camera,"Product is okay, nothing special.",UK,2025-09-15
615,Brandon Jimenez,Laptop,Excellent quality and great customer service.,India,2025-08-29
616,Miss Sarah Franklin,Smartwatch,Absolutely love this product! Highly recommend.,USA,2025-09-25
617,Kristi Evans,Monitor,Works perfectly and meets all expectations.,UK,2025-11-04
618,Danielle Juarez,Speaker,"Neither bad nor great, just fine.",UK,2025-09-25
619,Paul Nunez,Tablet,"Average quality, could be better.",Spain,2025-08-10
620,Christopher Delgado,Headphones,"Average quality, could be better.",UAE,2025-09-06
621,Christy Hayes,Headphones,Excellent quality and great customer service.,France,2025-10-31
622,Dillon Clark,Router,"Product is okay, nothing special.",UAE,2025-10-23
623,Michael Hayes,Camera,Works perfectly and meets all expectations.,Australia,2025-08-11
624,Cindy Garza,Speaker,Absolutely love this product! Highly recommend.,Australia,2025-09-26
625,Julie Grant,Speaker,Superb build and easy to use.,Germany,2025-10-27
626,Jeffrey Wright,Router,Very disappointed with the quality.,USA,2025-09-13
627,Veronica Alvarez,Monitor,Absolutely love this product! Highly recommend.,Germany,2025-10-17
628,Mr. Angel Dawson,Tablet,Customer support is unhelpful and rude.,USA,2025-09-06
629,Mia Hubbard,Router,"Neither bad nor great, just fine.",UK,2025-09-09
630,Jesse Graves,Tablet,Superb build and easy to use.,Germany,2025-09-10
631,Brenda Simmons,Monitor,Works perfectly and meets all expectations.,Spain,2025-11-05
632,Kristin Torres,Smartwatch,Superb build and easy to use.,Australia,2025-08-20
633,Christopher Harmon,Speaker,"Terrible experience, would not recommend.",Germany,2025-10-26
634,Richard Anthony,Monitor,Works perfectly and meets all expectations.,Spain,2025-08-25
635,Holly Morris,Tablet,Excellent quality and great customer service.,Singapore,2025-10-06
636,Jessica Schultz,Smartphone,Superb build and easy to use.,Germany,2025-10-29
637,Jeremy Potts,Router,Excellent quality and great customer service.,France,2025-08-10
638,Cynthia Robles,Router,Superb build and easy to use.,Spain,2025-09-22
639,Regina Carr,Smartphone,"Terrible experience, would not recommend.",India,2025-11-03
640,Stacey Cox,Speaker,Absolutely love this product! Highly recommend.,Australia,2025-09-04
641,Carla Smith,Router,Customer support is unhelpful and rude.,India,2025-08-26
642,Lori Jones,Smartphone,Absolutely love this product! Highly recommend.,India,2025-11-06
643,Miss Beth Hudson MD,Smartwatch,Works perfectly and meets all expectations.,Singapore,2025-09-18
644,Lori Coleman,TV,"Amazing experience, will buy again.",Spain,2025-08-22
645,Jasmine Hansen,Tablet,"Product is okay, nothing special.",Singapore,2025-08-25
646,Derek Johnson,Smartphone,Very disappointed with the quality.,Canada,2025-08-19
647,Jessica Boone,Speaker,Customer support is unhelpful and rude.,Germany,2025-08-28
648,Mark Brown,TV,"It does what it says, no more no less.",India,2025-09-23
649,Jesse Jackson,Smartphone,Absolutely love this product! Highly recommend.,India,2025-10-25
650,Daniel Jones,Camera,Not impressed but not disappointed either.,UAE,2025-09-12
651,Mark Ramos,Monitor,"Terrible experience, would not recommend.",UAE,2025-10-29
652,Kathryn Quinn,TV,Excellent quality and great customer service.,USA,2025-09-17
653,Kyle Conner,Speaker,"It does what it says, no more no less.",UAE,2025-08-31
654,Stephanie Barnett,Camera,Customer support is unhelpful and rude.,Spain,2025-09-22
655,Desiree Nelson,Laptop,"It does what it says, no more no less.",Canada,2025-08-17
656,Sara Chavez,Smartwatch,Excellent quality and great customer service.,India,2025-09-28
657,Nina Deleon,Camera,Superb build and easy to use.,Singapore,2025-09-25
658,Meghan Peterson,Camera,Superb build and easy to use.,India,2025-08-15
659,Rebecca Shelton,Tablet,Absolutely love this product! Highly recommend.,Germany,2025-09-24
660,Jason Shannon Jr.,Smartphone,"Neither bad nor great, just fine.",Singapore,2025-10-09
661,Melissa Jones,Laptop,Works perfectly and meets all expectations.,UAE,2025-09-26
662,Amy Nelson,Smartwatch,Works perfectly and meets all expectations.,Canada,2025-08-18
663,Randy Guzman,Router,Excellent quality and great customer service.,India,2025-08-20
664,Nathaniel Ramos,Speaker,"Average quality, could be better.",USA,2025-10-05
665,Kimberly Boyle,Monitor,Excellent quality and great customer service.,Singapore,2025-09-04
666,Abigail Aguilar,Router,"Amazing experience, will buy again.",India,2025-10-19
667,Joseph Garcia,Laptop,Works perfectly and meets all expectations.,Germany,2025-10-18
668,Michael King,Monitor,Customer support is unhelpful and rude.,UK,2025-09-18
669,Shaun Reed,Smartphone,"Average quality, could be better.",UAE,2025-09-30
670,Deborah Bird,Headphones,Excellent quality and great customer service.,Canada,2025-09-18
671,Christina Miller,Monitor,"Completely useless, stopped working in a week.",USA,2025-09-16
672,Marisa Anderson,Laptop,"Average quality, could be better.",France,2025-08-16
673,Ricardo Whitney,Camera,"Amazing experience, will buy again.",Spain,2025-10-05
674,Mike Rangel,Camera,Excellent quality and great customer service.,UAE,2025-10-03
675,Jennifer Davis,Smartphone,"It does what it says, no more no less.",Spain,2025-10-14
676,Justin Reyes,Monitor,Battery life is poor and performance is laggy.,Spain,2025-11-05
677,Stephanie Rivas,Monitor,"It does what it says, no more no less.",Germany,2025-10-24
678,Janet Rivera,Tablet,"Neither bad nor great, just fine.",UK,2025-09-11
679,Sean Miller,Monitor,Excellent quality and great customer service.,France,2025-08-22
680,Courtney Maldonado,TV,Very disappointed with the quality.,Singapore,2025-10-19
681,Isaac Mercer,Router,Absolutely love this product! Highly recommend.,USA,2025-09-03
682,Anna Zamora,Smartphone,Superb build and easy to use.,UAE,2025-09-27
683,Bridget Le,Headphones,Excellent quality and great customer service.,India,2025-08-19
684,Alyssa Campos,Tablet,"Amazing experience, will buy again.",USA,2025-08-17
685,Garrett Mcdonald,Camera,Excellent quality and great customer service.,India,2025-08-11
686,Mark Simpson,Router,"It does what it says, no more no less.",Australia,2025-10-04
687,Alexander Cannon,Smartphone,"Amazing experience, will buy again.",UK,2025-10-07
688,Christopher Church,Headphones,Superb build and easy to use.,UK,2025-08-25
689,Robert Lambert,Speaker,Works perfectly and meets all expectations.,Spain,2025-10-05
690,Heather Jimenez,Tablet,Works perfectly and meets all expectations.,UAE,2025-08-31
691,Robert Ford,Headphones,"Amazing experience, will buy again.",Singapore,2025-10-07
692,Stephanie Rocha,Smartwatch,"Average quality, could be better.",Australia,2025-10-25
693,Alicia Johnson,Smartphone,"Amazing experience, will buy again.",France,2025-08-26
694,Gregory Green,Headphones,Very disappointed with the quality.,UK,2025-08-23
695,Rebecca Ellis,Monitor,Absolutely love this product! Highly recommend.,UK,2025-09-13
696,Timothy Romero,Headphones,"Terrible experience, would not recommend.",Canada,2025-09-06
697,Alexander Jones,Laptop,Works perfectly and meets all expectations.,Spain,2025-09-21
698,Justin Jimenez,TV,"Amazing experience, will buy again.",India,2025-10-18
699,Christy Bernard,Tablet,Works perfectly and meets all expectations.,UAE,2025-10-08
700,Mrs. Megan Young,Headphones,"Amazing experience, will buy again.",Canada,2025-09-07
701,Tina Jones,Headphones,"It does what it says, no more no less.",UK,2025-08-26
702,Cody Cannon,Headphones,Not impressed but not disappointed either.,Singapore,2025-10-09
703,Dr. Michelle Rubio,Monitor,"Product is okay, nothing special.",Singapore,2025-10-28
704,Susan Day,Smartwatch,Excellent quality and great customer service.,Canada,2025-10-12
705,Darryl Jimenez,Smartphone,Superb build and easy to use.,Germany,2025-09-25
706,Andrew Green,Smartphone,"Average quality, could be better.",UK,2025-08-11
707,Joshua Le,Router,"Amazing experience, will buy again.",UAE,2025-09-15
708,John Bradley,TV,Customer support is unhelpful and rude.,UAE,2025-10-02
709,David Davila,TV,Works perfectly and meets all expectations.,Canada,2025-10-26
710,Diane Andrews,Speaker,Excellent quality and great customer service.,India,2025-10-09
711,Lucas Rowe,Headphones,Works perfectly and meets all expectations.,USA,2025-09-06
712,Katherine Baker,TV,Excellent quality and great customer service.,Spain,2025-10-30
713,Pamela Hughes,Monitor,Absolutely love this product! Highly recommend.,Germany,2025-08-26
714,Alicia Nguyen,Tablet,Works perfectly and meets all expectations.,France,2025-09-18
715,Monique Cain,TV,"Amazing experience, will buy again.",India,2025-09-14
716,Shelby Cannon,Smartphone,Not impressed but not disappointed either.,UAE,2025-10-31
717,Eric Hess,Headphones,"Neither bad nor great, just fine.",Germany,2025-08-14
718,Emma Patterson,Speaker,"Product is okay, nothing special.",Australia,2025-10-05
719,Patrick Brown,Router,Works perfectly and meets all expectations.,USA,2025-10-12
720,Jennifer Campbell,Monitor,"Product is okay, nothing special.",UK,2025-11-01
721,Alexander Jordan,Monitor,"Amazing experience, will buy again.",UK,2025-08-13
722,Susan White,Monitor,Not impressed but not disappointed either.,UAE,2025-10-08
723,Jeremy Wright,Tablet,Absolutely love this product! Highly recommend.,Canada,2025-11-05
724,Becky Fields,Smartphone,Works perfectly and meets all expectations.,France,2025-11-02
725,Erin Dixon,Monitor,"Terrible experience, would not recommend.",USA,2025-08-14
726,James Brown,Router,"Amazing experience, will buy again.",USA,2025-09-21
727,Brian Weaver,Monitor,Excellent quality and great customer service.,Singapore,2025-08-27
728,Bradley Phillips,Headphones,"It does what it says, no more no less.",Spain,2025-10-01
729,Scott Owen,Camera,"Product is okay, nothing special.",Germany,2025-10-13
730,Christian Mathis,Camera,Superb build and easy to use.,UAE,2025-09-18
731,Jasmine Orr,Smartwatch,"Product is okay, nothing special.",UK,2025-08-25
732,Joy Wiggins,Smartphone,Very disappointed with the quality.,India,2025-09-29
733,Melissa Wood,Router,Works perfectly and meets all expectations.,UK,2025-10-31
734,Nicole Lyons,Camera,Absolutely love this product! Highly recommend.,Canada,2025-08-11
735,Brian Brown,Camera,"Amazing experience, will buy again.",UK,2025-09-03
736,James Nash,Smartwatch,Absolutely love this product! Highly recommend.,Canada,2025-09-09
737,Emily Steele,Headphones,Superb build and easy to use.,UAE,2025-09-13
738,Michelle Romero,Monitor,"Neither bad nor great, just fine.",Australia,2025-10-21
739,Steven Thomas,Smartwatch,Absolutely love this product! Highly recommend.,France,2025-09-10
740,Anthony Vargas,Router,"Terrible experience, would not recommend.",Germany,2025-10-03
741,Donald Sims,Monitor,Very disappointed with the quality.,UAE,2025-08-24
742,Stephen Nicholson,Monitor,"It does what it says, no more no less.",Spain,2025-09-14
743,Phillip Fernandez,Monitor,"It does what it says, no more no less.",USA,2025-09-07
744,Anthony Stuart,Smartwatch,"It does what it says, no more no less.",Germany,2025-08-24
745,Ryan Moore,Speaker,Superb build and easy to use.,Australia,2025-10-09
746,Ashley Williams,Smartphone,Very disappointed with the quality.,Canada,2025-08-22
747,Adam Velazquez,Router,Customer support is unhelpful and rude.,India,2025-10-03
748,Julie Daniel,Monitor,"It does what it says, no more no less.",Singapore,2025-09-30
749,Christopher Trujillo,Smartphone,Excellent quality and great customer service.,France,2025-11-02
750,Darin Blake,Camera,"Average quality, could be better.",USA,2025-09-01
751,Julie Carter,TV,"Amazing experience, will buy again.",USA,2025-09-18
752,John Gardner,TV,Works perfectly and meets all expectations.,Germany,2025-09-22
753,Douglas Bryan,TV,Superb build and easy to use.,Australia,2025-08-25
754,Lisa Hoover,Monitor,"Terrible experience, would not recommend.",France,2025-11-02
755,Jonathan Dixon,Monitor,"It does what it says, no more no less.",Germany,2025-10-26
756,Cynthia Frye,Monitor,"Neither bad nor great, just fine.",Australia,2025-10-26
757,Derrick Olson,Headphones,Excellent quality and great customer service.,Spain,2025-10-13
758,Thomas Buckley,Smartphone,Customer support is unhelpful and rude.,Canada,2025-10-30
759,Michael Harris,Smartphone,Superb build and easy to use.,Germany,2025-08-15
760,Robert Carter,Monitor,Superb build and easy to use.,Singapore,2025-08-12
761,Paul Lucas,Monitor,Superb build and easy to use.,Spain,2025-10-26
762,Michael Arnold,Camera,Battery life is poor and performance is laggy.,Canada,2025-10-10
763,Pamela Haley,Laptop,"Average quality, could be better.",Australia,2025-08-12
764,Cynthia Holmes,TV,Not impressed but not disappointed either.,Canada,2025-09-22
765,Thomas Williams,TV,Very disappointed with the quality.,UAE,2025-11-04
766,Shelly Williams,TV,Not impressed but not disappointed either.,Germany,2025-11-02
767,Kimberly Farmer,Headphones,Works perfectly and meets all expectations.,India,2025-09-03
768,Ronald Baldwin,Smartphone,Superb build and easy to use.,Germany,2025-11-04
769,Claudia Walsh,Laptop,"Neither bad nor great, just fine.",Australia,2025-09-14
770,Jeremiah Leonard,Tablet,Excellent quality and great customer service.,India,2025-10-05
771,Walter Rivera,TV,"Average quality, could be better.",Germany,2025-09-22
772,John Rhodes,Router,Superb build and easy to use.,Australia,2025-10-15
773,Kylie Moore,TV,Absolutely love this product! Highly recommend.,UAE,2025-10-19
774,Cindy Odonnell,Camera,Battery life is poor and performance is laggy.,Canada,2025-11-02
775,Jeremy James,Camera,Works perfectly and meets all expectations.,UK,2025-09-28
776,Michelle Schultz,TV,Works perfectly and meets all expectations.,Canada,2025-08-11
777,Kara Cooper,Monitor,"It does what it says, no more no less.",Germany,2025-09-20
778,Amber Sullivan,Smartphone,"Neither bad nor great, just fine.",UK,2025-10-15
779,Katie Gonzalez,TV,"It does what it says, no more no less.",France,2025-09-27
780,Joseph Duncan,Router,Customer support is unhelpful and rude.,UAE,2025-08-18
781,Alejandra Adams,Smartphone,Works perfectly and meets all expectations.,Singapore,2025-08-15
782,Gary Walker,Headphones,Battery life is poor and performance is laggy.,Spain,2025-11-03
783,Todd Mason,TV,Very disappointed with the quality.,Spain,2025-08-18
784,William Garcia,Headphones,Not impressed but not disappointed either.,USA,2025-09-05
785,Tasha Adams,TV,Absolutely love this product! Highly recommend.,Canada,2025-10-09
786,Sherri Sanchez,Router,Excellent quality and great customer service.,Singapore,2025-08-29
787,Douglas Green,Headphones,Excellent quality and great customer service.,Singapore,2025-10-07
788,Martin Rivas,Monitor,"Neither bad nor great, just fine.",Australia,2025-09-10
789,Amber Payne,Monitor,Absolutely love this product! Highly recommend.,Canada,2025-10-10
790,Keith Hill,Monitor,Excellent quality and great customer service.,Australia,2025-09-28
791,Christopher Warner,Speaker,Absolutely love this product! Highly recommend.,UK,2025-10-27
792,Keith Jones,Router,Absolutely love this product! Highly recommend.,UK,2025-08-19
793,Michael Thompson,Smartphone,Absolutely love this product! Highly recommend.,USA,2025-08-12
794,Craig Montgomery,Headphones,Absolutely love this product! Highly recommend.,Spain,2025-09-04
795,Anthony Tran DVM,Tablet,"Product is okay, nothing special.",Spain,2025-10-03
796,Kerry Taylor,Smartwatch,Works perfectly and meets all expectations.,UAE,2025-09-27
797,David Nichols,Speaker,Excellent quality and great customer service.,India,2025-08-20
798,Bryan Beck,Speaker,Works perfectly and meets all expectations.,Australia,2025-09-16
799,Micheal Beck,Router,"Amazing experience, will buy again.",UK,2025-10-05
800,Christopher Dunlap,Speaker,Customer support is unhelpful and rude.,Singapore,2025-08-20
801,Carlos Palmer,Smartwatch,"Average quality, could be better.",France,2025-09-15
802,Stephen Lawson,Router,Works perfectly and meets all expectations.,France,2025-09-23
803,Paul Short,Headphones,Excellent quality and great customer service.,Germany,2025-10-25
804,Anthony Mclean,Camera,Works perfectly and meets all expectations.,USA,2025-09-06
805,Brittany Jones,TV,Battery life is poor and performance is laggy.,Spain,2025-10-06
806,Leroy Mason,Smartphone,"Neither bad nor great, just fine.",Singapore,2025-09-04
807,Jacob Newman,TV,Very disappointed with the quality.,India,2025-08-22
808,Meagan Wilson,Camera,Works perfectly and meets all expectations.,Singapore,2025-08-12
809,Brian Carrillo,Smartwatch,"Amazing experience, will buy again.",France,2025-08-19
810,Ashley White,Tablet,"It does what it says, no more no less.",UK,2025-11-02
811,Laura Ward,TV,Excellent quality and great customer service.,Spain,2025-11-04
812,Amanda Jordan,Speaker,Superb build and easy to use.,India,2025-10-29
813,Noah Johnson,Monitor,Battery life is poor and performance is laggy.,UK,2025-09-03
814,Daniel Potter,Smartwatch,"Neither bad nor great, just fine.",UAE,2025-10-17
815,Tina Woods,Headphones,Not impressed but not disappointed either.,Australia,2025-08-13
816,Yvette Guerrero,Tablet,Not impressed but not disappointed either.,Australia,2025-09-09
817,Arthur Duarte,Laptop,Absolutely love this product! Highly recommend.,UAE,2025-10-25
818,Laura Garcia,Router,Not impressed but not disappointed either.,India,2025-08-10
819,Anthony Cordova,Speaker,Excellent quality and great customer service.,UK,2025-09-05
820,Kevin Alvarez,Camera,Absolutely love this product! Highly recommend.,Canada,2025-09-04
821,Cassandra Ramsey,Speaker,Absolutely love this product! Highly recommend.,India,2025-08-15
822,Cesar Martin,Speaker,Excellent quality and great customer service.,Spain,2025-11-04
823,Miguel Benton,Headphones,Superb build and easy to use.,Singapore,2025-09-25
824,Katrina Morse,Headphones,"Average quality, could be better.",Canada,2025-09-09
825,Louis Clark,Monitor,"Amazing experience, will buy again.",UAE,2025-10-24
826,Crystal Haley,Speaker,"It does what it says, no more no less.",Singapore,2025-11-04
827,Gerald Glenn,Router,"Neither bad nor great, just fine.",UAE,2025-10-26
828,James Smith,Smartphone,Not impressed but not disappointed either.,UAE,2025-09-20
829,Joseph Webster,Camera,Battery life is poor and performance is laggy.,Spain,2025-11-04
830,Marcus Shannon,Headphones,"Amazing experience, will buy again.",Canada,2025-09-27
831,Arthur Reed,Router,"Neither bad nor great, just fine.",USA,2025-09-26
832,Daniel Harris,TV,Very disappointed with the quality.,UAE,2025-11-01
833,Jeremiah Carroll,Tablet,Superb build and easy to use.,India,2025-10-19
834,Erica Christian,Headphones,"Amazing experience, will buy again.",UK,2025-08-27
835,Jesus Alvarez,TV,Customer support is unhelpful and rude.,India,2025-08-17
836,Travis Salinas,Smartwatch,"Neither bad nor great, just fine.",UK,2025-10-28
837,Michelle Oneal,Smartphone,Excellent quality and great customer service.,USA,2025-08-28
838,Debra Stephens DDS,Monitor,Works perfectly and meets all expectations.,Spain,2025-10-10
839,Debra Berry,Headphones,"Completely useless, stopped working in a week.",Singapore,2025-09-29
840,Kevin Phillips,Tablet,Not impressed but not disappointed either.,USA,2025-10-05
841,Marc Smith,Smartwatch,"It does what it says, no more no less.",Singapore,2025-08-16
842,Bradley Rodriguez,Monitor,Absolutely love this product! Highly recommend.,UAE,2025-08-29
843,Sheri Hill,Smartphone,Works perfectly and meets all expectations.,Singapore,2025-08-25
844,Tanner Johnson,Speaker,"Average quality, could be better.",Germany,2025-11-03
845,Bethany Park,Smartwatch,Very disappointed with the quality.,Germany,2025-09-12
846,Jonathan Holmes,Monitor,"Average quality, could be better.",Canada,2025-10-04
847,Patricia Christensen,Laptop,"Amazing experience, will buy again.",Canada,2025-10-18
848,Matthew Long,Speaker,Absolutely love this product! Highly recommend.,Canada,2025-09-05
849,Eric Mason,Smartwatch,Not impressed but not disappointed either.,India,2025-09-18
850,Jeremy Anderson,Monitor,Excellent quality and great customer service.,Spain,2025-08-23
851,James Choi,Tablet,Absolutely love this product! Highly recommend.,Germany,2025-09-17
852,Carol Bates,TV,Works perfectly and meets all expectations.,Singapore,2025-10-05
853,Jennifer Walton,Headphones,Excellent quality and great customer service.,Australia,2025-10-16
854,Robert Jimenez,Smartwatch,Not impressed but not disappointed either.,Singapore,2025-10-17
855,Patricia Merritt,TV,"Average quality, could be better.",Australia,2025-09-24
856,Scott Cline,TV,"Terrible experience, would not recommend.",Spain,2025-10-19
857,Christopher Reed,Speaker,Very disappointed with the quality.,Germany,2025-08-12
858,David Gutierrez,Speaker,"Amazing experience, will buy again.",India,2025-09-27
859,Heather Young,Monitor,Works perfectly and meets all expectations.,Singapore,2025-10-09
860,Sarah Moore,Tablet,"It does what it says, no more no less.",Australia,2025-10-29
861,Michael Ruiz,Smartwatch,Excellent quality and great customer service.,Germany,2025-09-06
862,James Chambers,Camera,"Product is okay, nothing special.",Australia,2025-08-11
863,Audrey James,Tablet,Absolutely love this product! Highly recommend.,India,2025-10-20
864,Tanner Ray,Smartwatch,Not impressed but not disappointed either.,UK,2025-10-13
865,Phillip Henderson,Headphones,"Completely useless, stopped working in a week.",Australia,2025-08-17
866,Paul Williams,Smartphone,"It does what it says, no more no less.",France,2025-08-28
867,Robin Stewart,Router,Excellent quality and great customer service.,Singapore,2025-10-07
868,Christina Barry,Smartwatch,Not impressed but not disappointed either.,UAE,2025-11-05
869,Jillian Collier,Monitor,"Average quality, could be better.",Canada,2025-08-10
870,Paul Blankenship,Camera,Battery life is poor and performance is laggy.,Spain,2025-08-27
871,Christopher Taylor,TV,Superb build and easy to use.,Singapore,2025-09-03
872,Michelle Robinson,Headphones,"Amazing experience, will buy again.",UK,2025-09-30
873,Denise Parks,Smartphone,"Neither bad nor great, just fine.",Australia,2025-10-06
874,Melody Hobbs,Headphones,Works perfectly and meets all expectations.,Germany,2025-09-08
875,Kimberly Holland,Headphones,Superb build and easy to use.,USA,2025-09-03
876,Kimberly Rodriguez,Laptop,Customer support is unhelpful and rude.,Singapore,2025-08-26
877,John Griffin,Smartwatch,"Amazing experience, will buy again.",UAE,2025-09-06
878,Robert Jackson,Monitor,Excellent quality and great customer service.,Germany,2025-09-25
879,Lisa Hamilton,Tablet,"Product is okay, nothing special.",Germany,2025-10-05
880,Michael Gordon,Headphones,Excellent quality and great customer service.,UAE,2025-08-24
881,Shane Davis,Smartwatch,Works perfectly and meets all expectations.,India,2025-10-26
882,Michael Fitzgerald,Laptop,"Amazing experience, will buy again.",Singapore,2025-11-03
883,Jessica Ramos,Camera,"Completely useless, stopped working in a week.",Germany,2025-10-08
884,Jessica Hines,Smartwatch,"Terrible experience, would not recommend.",Spain,2025-09-03
885,Robert Turner,Laptop,Battery life is poor and performance is laggy.,Australia,2025-10-16
886,Matthew Morse,Headphones,Excellent quality and great customer service.,USA,2025-10-07
887,Tyrone Chapman,Tablet,Superb build and easy to use.,UK,2025-08-18
888,James Arnold,Headphones,Absolutely love this product! Highly recommend.,Canada,2025-08-13
889,Joshua Steele,Laptop,"Neither bad nor great, just fine.",UK,2025-09-13
890,David Aguilar,Camera,"Product is okay, nothing special.",UK,2025-10-06
891,Andrew Stephens,Router,Works perfectly and meets all expectations.,Singapore,2025-10-22
892,Aaron Mclaughlin,Camera,Absolutely love this product! Highly recommend.,France,2025-09-14
893,Rebecca Morrison,Speaker,"Amazing experience, will buy again.",Canada,2025-08-29
894,Samantha Hunter,Smartphone,Excellent quality and great customer service.,France,2025-09-11
895,Tracie Young,Speaker,"It does what it says, no more no less.",Canada,2025-11-02
896,Kimberly Barrett,Camera,Very disappointed with the quality.,India,2025-08-23
897,Jessica Cross,Camera,"Average quality, could be better.",Germany,2025-09-24
898,Billy Smith,Smartwatch,"Amazing experience, will buy again.",India,2025-10-04
899,Sylvia Leblanc,Monitor,Not impressed but not disappointed either.,UAE,2025-09-21
900,Benjamin Benitez,Camera,Absolutely love this product! Highly recommend.,UK,2025-09-30
901,Jennifer Vega,Tablet,"It does what it says, no more no less.",Germany,2025-09-25
902,Jeremy Patton,Headphones,Customer support is unhelpful and rude.,Spain,2025-10-05
903,Kristin Burns,Laptop,"Neither bad nor great, just fine.",France,2025-09-30
904,Monique Mccarthy,Laptop,"Average quality, could be better.",France,2025-09-11
905,Jonathan Cooper,Speaker,"It does what it says, no more no less.",UK,2025-09-19
906,James Wyatt,TV,"Terrible experience, would not recommend.",UAE,2025-09-08
907,Bradley Hill,Router,Customer support is unhelpful and rude.,UAE,2025-08-10
908,Rebecca Davidson,Monitor,Very disappointed with the quality.,Australia,2025-10-19
909,Emily Olson,Tablet,"It does what it says, no more no less.",UK,2025-10-23
910,Elizabeth Johnson,TV,Very disappointed with the quality.,France,2025-10-20
911,Kathleen Garcia,Monitor,"Product is okay, nothing special.",India,2025-08-21
912,Christy Holland,Monitor,"Neither bad nor great, just fine.",Australia,2025-11-02
913,Peter Jones,Monitor,Superb build and easy to use.,UK,2025-09-12
914,Steven James,Tablet,Works perfectly and meets all expectations.,UK,2025-08-16
915,Harry Wilson,Speaker,"It does what it says, no more no less.",USA,2025-08-27
916,Michael Vargas,TV,Excellent quality and great customer service.,India,2025-09-17
917,Michael Myers,Smartwatch,"Product is okay, nothing special.",Singapore,2025-08-11
918,Ronald Jones,Camera,Superb build and easy to use.,UAE,2025-08-27
919,Brittany Ellis,Tablet,Excellent quality and great customer service.,India,2025-11-02
920,James Lopez,Smartphone,"Average quality, could be better.",USA,2025-10-04
921,Thomas Kelly,Tablet,"Neither bad nor great, just fine.",UK,2025-10-09
922,Vanessa Sanders,Smartphone,Very disappointed with the quality.,USA,2025-08-19
923,Ian Barajas,Smartphone,Battery life is poor and performance is laggy.,USA,2025-10-24
924,Joshua Powers,Router,"Average quality, could be better.",UK,2025-10-07
925,Lori Murphy,Speaker,Customer support is unhelpful and rude.,USA,2025-09-16
926,Joseph Murray,Router,"It does what it says, no more no less.",UAE,2025-08-30
927,Laurie Jones,Headphones,"Amazing experience, will buy again.",Canada,2025-08-09
928,Eric Williams,Router,"Neither bad nor great, just fine.",Singapore,2025-10-03
929,Wanda Noble,Monitor,Absolutely love this product! Highly recommend.,Singapore,2025-08-21
930,Hannah Murray,Headphones,"Completely useless, stopped working in a week.",Spain,2025-08-26
931,Michael Parrish,Tablet,Not impressed but not disappointed either.,India,2025-08-28
932,Mark Sawyer,Smartwatch,"Neither bad nor great, just fine.",Spain,2025-09-04
933,Christian Mccall,Camera,Absolutely love this product! Highly recommend.,USA,2025-09-16
934,Andrew Johnson,Laptop,Superb build and easy to use.,UK,2025-11-04
935,Debra Alvarez,Monitor,"Amazing experience, will buy again.",Singapore,2025-10-25
936,Deborah Phillips,Camera,"Neither bad nor great, just fine.",USA,2025-09-28
937,Ruben Mccoy,Router,Works perfectly and meets all expectations.,Singapore,2025-09-21
938,Benjamin Henderson,Laptop,"Average quality, could be better.",Germany,2025-10-31
939,Taylor Leon,Monitor,Absolutely love this product! Highly recommend.,Canada,2025-09-01
940,Micheal Kelly,Laptop,"Terrible experience, would not recommend.",UAE,2025-10-11
941,Mary Perez,Smartwatch,Superb build and easy to use.,Australia,2025-10-30
942,Amanda Summers,Smartphone,"Average quality, could be better.",Canada,2025-10-04
943,Dana Lewis,Camera,Absolutely love this product! Highly recommend.,Germany,2025-10-11
944,Terry Solis,Speaker,Superb build and easy to use.,USA,2025-11-06
945,Wendy Miller,Speaker,"Terrible experience, would not recommend.",Spain,2025-10-24
946,Deborah Harrell,Router,Excellent quality and great customer service.,Spain,2025-10-09
947,Jesse Stephens,Smartwatch,Customer support is unhelpful and rude.,France,2025-09-15
948,Justin Lee,Headphones,Absolutely love this product! Highly recommend.,USA,2025-09-07
949,James Rios,Camera,Superb build and easy to use.,France,2025-09-29
950,Michael Mccormick,Camera,Superb build and easy to use.,Singapore,2025-09-28
951,Brandon Gonzalez,Laptop,"Amazing experience, will buy again.",Australia,2025-10-27
952,Taylor Lambert,Router,"It does what it says, no more no less.",USA,2025-10-09
953,Tammy Mcdonald,Router,Excellent quality and great customer service.,UK,2025-09-24
954,Christina Murphy,Speaker,Very disappointed with the quality.,UK,2025-09-13
955,Eric Smith,Monitor,"Amazing experience, will buy again.",Spain,2025-08-30
956,Michelle Wilson,Camera,"Product is okay, nothing special.",Singapore,2025-10-18
957,Rachel Tate,TV,Absolutely love this product! Highly recommend.,France,2025-09-10
958,Jeremiah Hatfield,Router,Customer support is unhelpful and rude.,UAE,2025-11-05
959,Douglas Lee,Camera,"Amazing experience, will buy again.",Singapore,2025-10-29
960,Melinda Larsen,Monitor,Works perfectly and meets all expectations.,Australia,2025-09-23
961,Linda Miller,Smartphone,"Average quality, could be better.",France,2025-10-26
962,John Williams,Smartwatch,Customer support is unhelpful and rude.,India,2025-09-01
963,Patricia Craig,Tablet,Absolutely love this product! Highly recommend.,India,2025-09-13
964,Steven Brown,Headphones,"It does what it says, no more no less.",Germany,2025-11-06
965,Danielle Kennedy,TV,"Completely useless, stopped working in a week.",India,2025-10-01
966,Brian Young,TV,"Average quality, could be better.",Canada,2025-08-29
967,Robert Smith,Router,Excellent quality and great customer service.,Spain,2025-09-22
968,Johnny Hendricks,Laptop,Absolutely love this product! Highly recommend.,India,2025-09-03
969,Brent Patterson,Speaker,Works perfectly and meets all expectations.,India,2025-09-30
970,Jordan Robles,Camera,Battery life is poor and performance is laggy.,Canada,2025-08-20
971,Jack Colon,Router,Battery life is poor and performance is laggy.,Australia,2025-09-06
972,Carla Mccormick,Headphones,Excellent quality and great customer service.,UK,2025-08-13
973,Rachel Brooks,Tablet,"Amazing experience, will buy again.",Singapore,2025-09-24
974,Jason Adams,Monitor,Very disappointed with the quality.,Germany,2025-09-10
975,Suzanne Malone,Headphones,"Neither bad nor great, just fine.",Germany,2025-10-01
976,Zachary Griffith,Monitor,"Product is okay, nothing special.",UK,2025-08-16
977,Jonathan Long,Router,Excellent quality and great customer service.,Spain,2025-10-28
978,Danielle Roy,Speaker,"Completely useless, stopped working in a week.",USA,2025-09-24
979,Preston Thomas,Router,"Terrible experience, would not recommend.",UK,2025-09-13
980,Alexandra Smith,Speaker,Superb build and easy to use.,Singapore,2025-09-06
981,Christina Watts,Smartphone,Absolutely love this product! Highly recommend.,Germany,2025-08-19
982,Brenda Davis,Tablet,Works perfectly and meets all expectations.,Germany,2025-08-22
983,Anthony Robbins,Tablet,Excellent quality and great customer service.,Australia,2025-10-03
984,Robert Brown,Monitor,"Average quality, could be better.",France,2025-08-18
985,Timothy Zamora,Camera,Excellent quality and great customer service.,Singapore,2025-09-02
986,Crystal Matthews,Camera,"Amazing experience, will buy again.",Germany,2025-08-21
987,Zachary Bonilla,Headphones,Superb build and easy to use.,Australia,2025-08-31
988,Rebecca Walker,Monitor,Works perfectly and meets all expectations.,Canada,2025-08-18
989,Ronald Hogan,Router,Excellent quality and great customer service.,Singapore,2025-09-26
990,Gregory Roberts,Smartphone,Excellent quality and great customer service.,Australia,2025-10-19
991,Kyle Vasquez,Router,"It does what it says, no more no less.",Canada,2025-10-09
992,Sarah Robinson,Tablet,Works perfectly and meets all expectations.,Canada,2025-10-22
993,Elizabeth Morris,Speaker,Absolutely love this product! Highly recommend.,France,2025-08-24
994,James Dougherty,Camera,"Terrible experience, would not recommend.",Spain,2025-11-06
995,Annette Martinez,Tablet,"Amazing experience, will buy again.",Germany,2025-09-27
996,Holly Sanchez,Speaker,"Product is okay, nothing special.",Germany,2025-10-12
997,Jeffrey Orr,Speaker,Customer support is unhelpful and rude.,Canada,2025-08-12
998,Franklin Vazquez,Tablet,Battery life is poor and performance is laggy.,Australia,2025-08-17
999,Eric Hunter,Speaker,Very disappointed with the quality.,India,2025-09-11
1000,Ryan Peters,Speaker,"Terrible experience, would not recommend.",Spain,2025-08-25
